"Qty";"Value";"Device";"Package";"Parts";"Description";"";
"2";"";"CONNECTORS_CONN_01PTH_NO_SILK_YES_STOP";"CONNECTORS_1X01_NO_SILK";"J5, J6";"Single connection point. Often used as Generic Header-pin footprint for 0.1 inch spaced/style header connections";"";
"2";"";"CONNECTORS_CONN_03PTH";"CONNECTORS_1X03";"J1, J2";"Multi connection point. Often used as Generic Header-pin footprint for 0.1 inch spaced/style header connections";"";
"2";"CUI_SJ1-3513";"CUI_SJ1-3513";"CUI_SJ1-3513";"SW1, SW2";"";"";
"2";"JACDAC-CONNECTOR";"JACDAC-CONNECTOR";"JACDAC-CONNECTOR";"U$1, U$27";"";"";
"1";"MILADOR-SWITCH-NAME-SW1";"MILADOR-SWITCH-NAME-SW1";"SWITCH-SW1";"U$17";"";"";
"1";"MILADOR-SWITCH-NAME-SW2";"MILADOR-SWITCH-NAME-SW2";"SWITCH-SW2";"U$18";"";"";
"4";"STAND-OFF";"STAND-OFF";"STAND-OFF";"H1, H2, JP3, JP4";"Stand Off";"";
